Plot Type	Average Time Taken (seconds)
Random	60.86036363636364
System	59.78036363636364
